,startTime,bottomTeam,bgBottom,topTeam,place,startDayTime,bgTop,gameID
0,18:00,DeNA,03,広島,横浜,2020-06-19 18:00:00,06,20202173
1,18:00,ヤクルト,02,中日,神宮,2020-06-19 18:00:00,04,20202174
2,18:00,巨人,01,阪神,東京ドーム,2020-06-19 18:00:00,05,20202175
3,18:00,ソフトバンク,12,ロッテ,PayPayドーム,2020-06-19 18:00:00,09,20202170
4,18:00,オリックス,11,楽天,京セラD大阪,2020-06-19 18:00:00,10,20202171
5,18:00,西武,07,日本ハム,メットライフ,2020-06-19 18:00:00,08,20202172
6,14:00,DeNA,03,広島,横浜,2020-06-20 14:00:00,06,20202167
7,14:00,ヤクルト,02,中日,神宮,2020-06-20 14:00:00,04,20202168
8,14:00,巨人,01,阪神,東京ドーム,2020-06-20 14:00:00,05,20202169
9,14:00,ソフトバンク,12,ロッテ,PayPayドーム,2020-06-20 14:00:00,09,20202164
10,14:00,オリックス,11,楽天,京セラD大阪,2020-06-20 14:00:00,10,20202165
11,14:00,西武,07,日本ハム,メットライフ,2020-06-20 14:00:00,08,20202166
12,13:00,ヤクルト,02,中日,神宮,2020-06-21 13:00:00,04,20202162
13,13:00,巨人,01,阪神,東京ドーム,2020-06-21 13:00:00,05,20202163
14,14:00,DeNA,03,広島,横浜,2020-06-21 14:00:00,06,20202161
15,13:00,オリックス,11,楽天,京セラD大阪,2020-06-21 13:00:00,10,20202159
16,14:00,ソフトバンク,12,ロッテ,PayPayドーム,2020-06-21 14:00:00,09,20202158
17,14:00,西武,07,日本ハム,メットライフ,2020-06-21 14:00:00,08,20202160
18,18:00,DeNA,03,中日,横浜,2020-06-23 18:00:00,04,20202155
19,18:00,ヤクルト,02,阪神,神宮,2020-06-23 18:00:00,05,20202156
20,18:00,巨人,01,広島,東京ドーム,2020-06-23 18:00:00,06,20202157
21,18:00,ロッテ,09,オリックス,ZOZOマリン,2020-06-23 18:00:00,11,20202152
22,18:00,西武,07,ソフトバンク,メットライフ,2020-06-23 18:00:00,12,20202153
23,18:00,楽天,10,日本ハム,楽天生命パーク,2020-06-23 18:00:00,08,20202154
24,18:00,DeNA,03,中日,横浜,2020-06-24 18:00:00,04,20202149
25,18:00,ヤクルト,02,阪神,神宮,2020-06-24 18:00:00,05,20202150
26,18:00,巨人,01,広島,東京ドーム,2020-06-24 18:00:00,06,20202151
27,18:00,ロッテ,09,オリックス,ZOZOマリン,2020-06-24 18:00:00,11,20202146
28,18:00,西武,07,ソフトバンク,メットライフ,2020-06-24 18:00:00,12,20202147
29,18:00,楽天,10,日本ハム,楽天生命パーク,2020-06-24 18:00:00,08,20202148
30,18:00,DeNA,03,中日,横浜,2020-06-25 18:00:00,04,20202143
31,18:00,ヤクルト,02,阪神,神宮,2020-06-25 18:00:00,05,20202144
32,18:00,巨人,01,広島,東京ドーム,2020-06-25 18:00:00,06,20202145
33,18:00,ロッテ,09,オリックス,ZOZOマリン,2020-06-25 18:00:00,11,20202140
34,18:00,西武,07,ソフトバンク,メットライフ,2020-06-25 18:00:00,12,20202141
35,18:00,楽天,10,日本ハム,楽天生命パーク,2020-06-25 18:00:00,08,20202142
36,18:00,中日,04,広島,ナゴヤドーム,2020-06-26 18:00:00,06,20202137
37,18:00,DeNA,03,阪神,横浜,2020-06-26 18:00:00,05,20202138
38,18:00,ヤクルト,02,巨人,神宮,2020-06-26 18:00:00,01,20202139
39,18:00,ロッテ,09,オリックス,ZOZOマリン,2020-06-26 18:00:00,11,20202134
40,18:00,西武,07,ソフトバンク,メットライフ,2020-06-26 18:00:00,12,20202135
41,18:00,楽天,10,日本ハム,楽天生命パーク,2020-06-26 18:00:00,08,20202136
42,14:00,中日,04,広島,ナゴヤドーム,2020-06-27 14:00:00,06,20202131
43,14:00,ヤクルト,02,巨人,神宮,2020-06-27 14:00:00,01,20202133
44,18:00,DeNA,03,阪神,横浜,2020-06-27 18:00:00,05,20202132
45,14:00,ロッテ,09,オリックス,ZOZOマリン,2020-06-27 14:00:00,11,20202128
46,14:00,西武,07,ソフトバンク,メットライフ,2020-06-27 14:00:00,12,20202129
47,14:00,楽天,10,日本ハム,楽天生命パーク,2020-06-27 14:00:00,08,20202130
48,13:00,ヤクルト,02,巨人,神宮,2020-06-28 13:00:00,01,20202127
49,14:00,中日,04,広島,ナゴヤドーム,2020-06-28 14:00:00,06,20202125
50,18:00,DeNA,03,阪神,横浜,2020-06-28 18:00:00,05,20202126
51,13:00,西武,07,ソフトバンク,メットライフ,2020-06-28 13:00:00,12,20202123
52,13:00,楽天,10,日本ハム,楽天生命パーク,2020-06-28 13:00:00,08,20202124
53,14:00,ロッテ,09,オリックス,ZOZOマリン,2020-06-28 14:00:00,11,20202122
54,18:00,中日,04,阪神,ナゴヤドーム,2020-06-30 18:00:00,05,20202119
55,18:00,巨人,01,DeNA,東京ドーム,2020-06-30 18:00:00,03,20202121
56,18:00,西武,07,オリックス,メットライフ,2020-06-30 18:00:00,11,20202116
57,18:00,楽天,10,ロッテ,楽天生命パーク,2020-06-30 18:00:00,09,20202117
58,18:00,日本ハム,08,ソフトバンク,札幌ドーム,2020-06-30 18:00:00,12,20202118
59,18:00,中日,04,阪神,ナゴヤドーム,2020-07-01 18:00:00,05,20202113
60,18:00,ヤクルト,02,広島,神宮,2020-07-01 18:00:00,06,20202114
61,18:00,巨人,01,DeNA,東京ドーム,2020-07-01 18:00:00,03,20202115
62,18:00,西武,07,オリックス,メットライフ,2020-07-01 18:00:00,11,20202110
63,18:00,楽天,10,ロッテ,楽天生命パーク,2020-07-01 18:00:00,09,20202111
64,18:00,日本ハム,08,ソフトバンク,札幌ドーム,2020-07-01 18:00:00,12,20202112
65,18:00,中日,04,阪神,ナゴヤドーム,2020-07-02 18:00:00,05,20202107
66,18:00,ヤクルト,02,広島,神宮,2020-07-02 18:00:00,06,20202108
67,18:00,巨人,01,DeNA,東京ドーム,2020-07-02 18:00:00,03,20202109
68,18:00,西武,07,オリックス,メットライフ,2020-07-02 18:00:00,11,20202104
69,18:00,楽天,10,ロッテ,楽天生命パーク,2020-07-02 18:00:00,09,20202105
70,18:00,日本ハム,08,ソフトバンク,札幌ドーム,2020-07-02 18:00:00,12,20202106
71,18:00,ヤクルト,02,DeNA,神宮,2020-07-03 18:00:00,03,20202102
72,18:00,巨人,01,中日,東京ドーム,2020-07-03 18:00:00,04,20202103
73,18:00,西武,07,オリックス,メットライフ,2020-07-03 18:00:00,11,20202098
74,18:00,楽天,10,ロッテ,楽天生命パーク,2020-07-03 18:00:00,09,20202099
75,18:00,日本ハム,08,ソフトバンク,札幌ドーム,2020-07-03 18:00:00,12,20202100
76,14:00,広島,06,阪神,マツダスタジアム,2020-07-04 14:00:00,05,20202095
77,14:00,巨人,01,中日,東京ドーム,2020-07-04 14:00:00,04,20202097
78,18:00,ヤクルト,02,DeNA,神宮,2020-07-04 18:00:00,03,20202096
79,14:00,楽天,10,ロッテ,楽天生命パーク,2020-07-04 14:00:00,09,20202093
80,14:00,日本ハム,08,ソフトバンク,札幌ドーム,2020-07-04 14:00:00,12,20202094
81,18:00,西武,07,オリックス,メットライフ,2020-07-04 18:00:00,11,20202092
82,13:30,広島,06,阪神,マツダスタジアム,2020-07-05 13:30:00,05,20202089
83,14:00,巨人,01,中日,東京ドーム,2020-07-05 14:00:00,04,20202091
84,17:00,ヤクルト,02,DeNA,神宮,2020-07-05 17:00:00,03,20202090
85,13:00,楽天,10,ロッテ,楽天生命パーク,2020-07-05 13:00:00,09,20202087
86,13:00,日本ハム,08,ソフトバンク,札幌ドーム,2020-07-05 13:00:00,12,20202088
87,18:00,西武,07,オリックス,メットライフ,2020-07-05 18:00:00,11,20202086
88,18:00,中日,04,ヤクルト,ナゴヤドーム,2020-07-07 18:00:00,02,20202085
89,18:00,ソフトバンク,12,楽天,PayPayドーム,2020-07-07 18:00:00,10,20202080
90,18:00,オリックス,11,日本ハム,京セラD大阪,2020-07-07 18:00:00,08,20202081
91,18:00,ロッテ,09,西武,ZOZOマリン,2020-07-07 18:00:00,07,20202082
92,18:00,広島,06,DeNA,マツダスタジアム,2020-07-08 18:00:00,03,20202077
93,18:00,中日,04,ヤクルト,ナゴヤドーム,2020-07-08 18:00:00,02,20202079
94,18:00,ソフトバンク,12,楽天,PayPayドーム,2020-07-08 18:00:00,10,20202074
95,18:00,オリックス,11,日本ハム,京セラD大阪,2020-07-08 18:00:00,08,20202075
96,18:00,ロッテ,09,西武,ZOZOマリン,2020-07-08 18:00:00,07,20202076
97,18:00,広島,06,DeNA,マツダスタジアム,2020-07-09 18:00:00,03,20202071
98,18:00,阪神,05,巨人,甲子園,2020-07-09 18:00:00,01,20202072
99,18:00,中日,04,ヤクルト,ナゴヤドーム,2020-07-09 18:00:00,02,20202073
100,18:00,ソフトバンク,12,楽天,PayPayドーム,2020-07-09 18:00:00,10,20202068
101,18:00,オリックス,11,日本ハム,京セラD大阪,2020-07-09 18:00:00,08,20202069
102,18:00,阪神,05,DeNA,甲子園,2020-07-10 18:00:00,03,20202065
103,18:00,中日,04,広島,ナゴヤドーム,2020-07-10 18:00:00,06,20202066
104,18:00,ソフトバンク,12,楽天,PayPayドーム,2020-07-10 18:00:00,10,20202062
105,18:00,オリックス,11,日本ハム,京セラD大阪,2020-07-10 18:00:00,08,20202063
106,18:00,ロッテ,09,西武,ZOZOマリン,2020-07-10 18:00:00,07,20202064
107,14:00,中日,04,広島,ナゴヤドーム,2020-07-11 14:00:00,06,20202060
108,18:00,阪神,05,DeNA,甲子園,2020-07-11 18:00:00,03,20202059
109,18:00,巨人,01,ヤクルト,ほっと神戸,2020-07-11 18:00:00,02,20202061
110,14:00,オリックス,11,日本ハム,京セラD大阪,2020-07-11 14:00:00,08,20202057
111,14:00,ロッテ,09,西武,ZOZOマリン,2020-07-11 14:00:00,07,20202058
112,18:00,ソフトバンク,12,楽天,PayPayドーム,2020-07-11 18:00:00,10,20202056
113,14:00,中日,04,広島,ナゴヤドーム,2020-07-12 14:00:00,06,20202054
114,18:00,阪神,05,DeNA,甲子園,2020-07-12 18:00:00,03,20202053
115,18:00,巨人,01,ヤクルト,ほっと神戸,2020-07-12 18:00:00,02,20202055
116,13:00,オリックス,11,日本ハム,京セラD大阪,2020-07-12 13:00:00,08,20202051
117,14:00,ソフトバンク,12,楽天,PayPayドーム,2020-07-12 14:00:00,10,20202050
118,14:00,ロッテ,09,西武,ZOZOマリン,2020-07-12 14:00:00,07,20202052
119,18:00,広島,06,巨人,マツダスタジアム,2020-07-14 18:00:00,01,20202047
120,18:00,阪神,05,ヤクルト,甲子園,2020-07-14 18:00:00,02,20202048
121,18:00,中日,04,DeNA,ナゴヤドーム,2020-07-14 18:00:00,03,20202049
122,18:00,オリックス,11,ソフトバンク,京セラD大阪,2020-07-14 18:00:00,12,20202044
123,18:00,日本ハム,08,ロッテ,札幌ドーム,2020-07-14 18:00:00,09,20202046
124,18:00,広島,06,巨人,マツダスタジアム,2020-07-15 18:00:00,01,20202041
125,18:00,阪神,05,ヤクルト,甲子園,2020-07-15 18:00:00,02,20202042
126,18:00,中日,04,DeNA,ナゴヤドーム,2020-07-15 18:00:00,03,20202043
127,18:00,オリックス,11,ソフトバンク,京セラD大阪,2020-07-15 18:00:00,12,20202038
128,18:00,楽天,10,西武,楽天生命パーク,2020-07-15 18:00:00,07,20202039
129,18:00,日本ハム,08,ロッテ,札幌ドーム,2020-07-15 18:00:00,09,20202040
130,18:00,広島,06,巨人,マツダスタジアム,2020-07-16 18:00:00,01,20202035
131,18:00,阪神,05,ヤクルト,甲子園,2020-07-16 18:00:00,02,20202036
132,18:00,中日,04,DeNA,ナゴヤドーム,2020-07-16 18:00:00,03,20202037
133,18:00,オリックス,11,ソフトバンク,京セラD大阪,2020-07-16 18:00:00,12,20202032
134,18:00,楽天,10,西武,楽天生命パーク,2020-07-16 18:00:00,07,20202033
135,18:00,日本ハム,08,ロッテ,札幌ドーム,2020-07-16 18:00:00,09,20202034
136,18:00,広島,06,ヤクルト,マツダスタジアム,2020-07-17 18:00:00,02,20202029
137,18:00,阪神,05,中日,甲子園,2020-07-17 18:00:00,04,20202030
138,18:00,DeNA,03,巨人,横浜,2020-07-17 18:00:00,01,20202031
139,18:00,オリックス,11,ソフトバンク,京セラD大阪,2020-07-17 18:00:00,12,20202026
140,18:00,楽天,10,西武,楽天生命パーク,2020-07-17 18:00:00,07,20202027
141,18:00,日本ハム,08,ロッテ,札幌ドーム,2020-07-17 18:00:00,09,20202028
142,18:00,広島,06,ヤクルト,マツダスタジアム,2020-07-18 18:00:00,02,20202023
143,18:00,阪神,05,中日,甲子園,2020-07-18 18:00:00,04,20202024
144,18:00,DeNA,03,巨人,横浜,2020-07-18 18:00:00,01,20202025
145,14:00,楽天,10,西武,楽天生命パーク,2020-07-18 14:00:00,07,20202021
146,14:00,日本ハム,08,ロッテ,札幌ドーム,2020-07-18 14:00:00,09,20202022
147,18:00,オリックス,11,ソフトバンク,京セラD大阪,2020-07-18 18:00:00,12,20202020
148,18:00,広島,06,ヤクルト,マツダスタジアム,2020-07-19 18:00:00,02,20202017
149,18:00,阪神,05,中日,甲子園,2020-07-19 18:00:00,04,20202018
150,18:00,DeNA,03,巨人,横浜,2020-07-19 18:00:00,01,20202019
151,13:00,オリックス,11,ソフトバンク,京セラD大阪,2020-07-19 13:00:00,12,20202014
152,13:00,楽天,10,西武,楽天生命パーク,2020-07-19 13:00:00,07,20202015
153,14:00,日本ハム,08,ロッテ,札幌ドーム,2020-07-19 14:00:00,09,20202016
154,18:00,阪神,05,広島,甲子園,2020-07-21 18:00:00,06,20202011
155,18:00,中日,04,巨人,ナゴヤドーム,2020-07-21 18:00:00,01,20202012
156,18:00,DeNA,03,ヤクルト,横浜,2020-07-21 18:00:00,02,20202013
157,18:00,楽天,10,オリックス,楽天生命パーク,2020-07-21 18:00:00,11,20202327
158,18:00,西武,07,ロッテ,メットライフ,2020-07-21 18:00:00,09,20202328
159,18:00,ソフトバンク,12,日本ハム,PayPayドーム,2020-07-21 18:00:00,08,20202329
160,18:00,阪神,05,広島,甲子園,2020-07-22 18:00:00,06,20202008
161,18:00,中日,04,巨人,ナゴヤドーム,2020-07-22 18:00:00,01,20202009
162,18:00,DeNA,03,ヤクルト,横浜,2020-07-22 18:00:00,02,20202010
163,18:00,楽天,10,オリックス,楽天生命パーク,2020-07-22 18:00:00,11,20202330
164,18:00,西武,07,ロッテ,メットライフ,2020-07-22 18:00:00,09,20202331
165,18:00,ソフトバンク,12,日本ハム,PayPayドーム,2020-07-22 18:00:00,08,20202332
166,14:00,中日,04,巨人,ナゴヤドーム,2020-07-23 14:00:00,01,20202006
167,18:00,阪神,05,広島,甲子園,2020-07-23 18:00:00,06,20202005
168,18:00,DeNA,03,ヤクルト,横浜,2020-07-23 18:00:00,02,20202007
169,18:00,楽天,10,オリックス,楽天生命パーク,2020-07-23 18:00:00,11,20202333
170,18:00,西武,07,ロッテ,メットライフ,2020-07-23 18:00:00,09,20202334
171,18:00,ソフトバンク,12,日本ハム,PayPayドーム,2020-07-23 18:00:00,08,20202335
172,18:00,ヤクルト,02,巨人,神宮,2020-07-24 18:00:00,01,20202336
173,18:00,DeNA,03,広島,横浜,2020-07-24 18:00:00,06,20202337
174,18:00,中日,04,阪神,ナゴヤドーム,2020-07-24 18:00:00,05,20202338
175,18:00,楽天,10,オリックス,楽天生命パーク,2020-07-24 18:00:00,11,20202339
176,18:00,西武,07,ロッテ,メットライフ,2020-07-24 18:00:00,09,20202340
177,18:00,ソフトバンク,12,日本ハム,PayPayドーム,2020-07-24 18:00:00,08,20202341
178,14:00,中日,04,阪神,ナゴヤドーム,2020-07-25 14:00:00,05,20202344
179,18:00,ヤクルト,02,巨人,神宮,2020-07-25 18:00:00,01,20202342
180,18:00,DeNA,03,広島,横浜,2020-07-25 18:00:00,06,20202343
181,14:00,ソフトバンク,12,日本ハム,PayPayドーム,2020-07-25 14:00:00,08,20202347
182,18:00,楽天,10,オリックス,楽天生命パーク,2020-07-25 18:00:00,11,20202345
183,18:00,西武,07,ロッテ,メットライフ,2020-07-25 18:00:00,09,20202346
184,14:00,中日,04,阪神,ナゴヤドーム,2020-07-26 14:00:00,05,20202350
185,18:00,ヤクルト,02,巨人,神宮,2020-07-26 18:00:00,01,20202348
186,18:00,DeNA,03,広島,横浜,2020-07-26 18:00:00,06,20202349
187,13:00,ソフトバンク,12,日本ハム,PayPayドーム,2020-07-26 13:00:00,08,20202353
188,17:00,楽天,10,オリックス,楽天生命パーク,2020-07-26 17:00:00,11,20202351
189,18:00,西武,07,ロッテ,メットライフ,2020-07-26 18:00:00,09,20202352
190,18:00,巨人,01,DeNA,東京ドーム,2020-07-28 18:00:00,03,20202354
191,18:00,ヤクルト,02,阪神,神宮,2020-07-28 18:00:00,05,20202355
192,18:00,広島,06,中日,マツダスタジアム,2020-07-28 18:00:00,04,20202356
193,18:00,日本ハム,08,オリックス,札幌ドーム,2020-07-28 18:00:00,11,20202357
194,18:00,ロッテ,09,楽天,ZOZOマリン,2020-07-28 18:00:00,10,20202358
195,18:00,ソフトバンク,12,西武,PayPayドーム,2020-07-28 18:00:00,07,20202359
196,18:00,巨人,01,DeNA,東京ドーム,2020-07-29 18:00:00,03,20202360
197,18:00,ヤクルト,02,阪神,神宮,2020-07-29 18:00:00,05,20202361
198,18:00,広島,06,中日,マツダスタジアム,2020-07-29 18:00:00,04,20202362
199,18:00,日本ハム,08,オリックス,札幌ドーム,2020-07-29 18:00:00,11,20202363
200,18:00,ロッテ,09,楽天,ZOZOマリン,2020-07-29 18:00:00,10,20202364
201,18:00,ソフトバンク,12,西武,PayPayドーム,2020-07-29 18:00:00,07,20202365
202,18:00,巨人,01,DeNA,東京ドーム,2020-07-30 18:00:00,03,20202366
203,18:00,ヤクルト,02,阪神,神宮,2020-07-30 18:00:00,05,20202367
204,18:00,広島,06,中日,マツダスタジアム,2020-07-30 18:00:00,04,20202368
205,18:00,日本ハム,08,オリックス,札幌ドーム,2020-07-30 18:00:00,11,20202369
206,18:00,ロッテ,09,楽天,ZOZOマリン,2020-07-30 18:00:00,10,20202370
207,18:00,ソフトバンク,12,西武,PayPayドーム,2020-07-30 18:00:00,07,20202371
208,18:00,巨人,01,広島,東京ドーム,2020-07-31 18:00:00,06,20202372
209,18:00,中日,04,ヤクルト,ナゴヤドーム,2020-07-31 18:00:00,02,20202373
210,18:00,阪神,05,DeNA,甲子園,2020-07-31 18:00:00,03,20202374
211,18:00,日本ハム,08,オリックス,札幌ドーム,2020-07-31 18:00:00,11,20202375
212,18:00,ロッテ,09,楽天,ZOZOマリン,2020-07-31 18:00:00,10,20202376
213,18:00,ソフトバンク,12,西武,PayPayドーム,2020-07-31 18:00:00,07,20202377
214,14:00,巨人,01,広島,東京ドーム,2020-08-01 14:00:00,06,20202378
215,14:00,中日,04,ヤクルト,ナゴヤドーム,2020-08-01 14:00:00,02,20202379
216,18:00,阪神,05,DeNA,甲子園,2020-08-01 18:00:00,03,20202380
217,14:00,日本ハム,08,オリックス,札幌ドーム,2020-08-01 14:00:00,11,20202381
218,14:00,ソフトバンク,12,西武,PayPayドーム,2020-08-01 14:00:00,07,20202383
219,17:00,ロッテ,09,楽天,ZOZOマリン,2020-08-01 17:00:00,10,20202382
220,14:00,巨人,01,広島,東京ドーム,2020-08-02 14:00:00,06,20202384
221,14:00,中日,04,ヤクルト,ナゴヤドーム,2020-08-02 14:00:00,02,20202385
222,18:00,阪神,05,DeNA,甲子園,2020-08-02 18:00:00,03,20202386
223,17:00,ロッテ,09,楽天,ZOZOマリン,2020-08-02 17:00:00,10,20202387
224,18:00,ヤクルト,02,広島,神宮,2020-08-04 18:00:00,06,20202389
225,18:00,DeNA,03,中日,横浜,2020-08-04 18:00:00,04,20202390
226,18:00,阪神,05,巨人,甲子園,2020-08-04 18:00:00,01,20202391
227,18:00,日本ハム,08,西武,札幌ドーム,2020-08-04 18:00:00,07,20202392
228,18:00,楽天,10,ソフトバンク,楽天生命パーク,2020-08-04 18:00:00,12,20202393
229,18:00,オリックス,11,ロッテ,京セラD大阪,2020-08-04 18:00:00,09,20202394
230,18:00,ヤクルト,02,広島,神宮,2020-08-05 18:00:00,06,20202395
231,18:00,DeNA,03,中日,横浜,2020-08-05 18:00:00,04,20202396
232,18:00,阪神,05,巨人,甲子園,2020-08-05 18:00:00,01,20202397
233,18:00,日本ハム,08,西武,札幌ドーム,2020-08-05 18:00:00,07,20202398
234,18:00,楽天,10,ソフトバンク,楽天生命パーク,2020-08-05 18:00:00,12,20202399
235,18:00,オリックス,11,ロッテ,京セラD大阪,2020-08-05 18:00:00,09,20202400
236,18:00,ヤクルト,02,広島,神宮,2020-08-06 18:00:00,06,20202401
237,18:00,DeNA,03,中日,横浜,2020-08-06 18:00:00,04,20202402
238,18:00,阪神,05,巨人,甲子園,2020-08-06 18:00:00,01,20202403
239,18:00,日本ハム,08,西武,札幌ドーム,2020-08-06 18:00:00,07,20202404
240,18:00,楽天,10,ソフトバンク,楽天生命パーク,2020-08-06 18:00:00,12,20202405
241,18:00,オリックス,11,ロッテ,京セラD大阪,2020-08-06 18:00:00,09,20202406
242,18:00,ヤクルト,02,DeNA,神宮,2020-08-07 18:00:00,03,20202407
243,18:00,中日,04,巨人,ナゴヤドーム,2020-08-07 18:00:00,01,20202408
244,18:00,広島,06,阪神,マツダスタジアム,2020-08-07 18:00:00,05,20202409
245,18:00,日本ハム,08,西武,札幌ドーム,2020-08-07 18:00:00,07,20202410
246,18:00,楽天,10,ソフトバンク,楽天生命パーク,2020-08-07 18:00:00,12,20202411
247,18:00,オリックス,11,ロッテ,京セラD大阪,2020-08-07 18:00:00,09,20202412
248,14:00,中日,04,巨人,ナゴヤドーム,2020-08-08 14:00:00,01,20202414
249,18:00,ヤクルト,02,DeNA,神宮,2020-08-08 18:00:00,03,20202413
250,18:00,広島,06,阪神,マツダスタジアム,2020-08-08 18:00:00,05,20202415
251,14:00,日本ハム,08,西武,札幌ドーム,2020-08-08 14:00:00,07,20202416
252,14:00,オリックス,11,ロッテ,京セラD大阪,2020-08-08 14:00:00,09,20202418
253,18:00,楽天,10,ソフトバンク,楽天生命パーク,2020-08-08 18:00:00,12,20202417
254,14:00,中日,04,巨人,ナゴヤドーム,2020-08-09 14:00:00,01,20202420
255,18:00,ヤクルト,02,DeNA,神宮,2020-08-09 18:00:00,03,20202419
256,18:00,広島,06,阪神,マツダスタジアム,2020-08-09 18:00:00,05,20202421
257,13:00,日本ハム,08,西武,札幌ドーム,2020-08-09 13:00:00,07,20202422
258,13:00,オリックス,11,ロッテ,京セラD大阪,2020-08-09 13:00:00,09,20202424
259,17:00,楽天,10,ソフトバンク,楽天生命パーク,2020-08-09 17:00:00,12,20202423
260,18:00,DeNA,03,阪神,横浜,2020-08-10 18:00:00,05,20202425
261,18:00,広島,06,中日,マツダスタジアム,2020-08-10 18:00:00,04,20202426
262,18:00,DeNA,03,阪神,横浜,2020-08-11 18:00:00,05,20202427
263,18:00,広島,06,中日,マツダスタジアム,2020-08-11 18:00:00,04,20202428
264,18:00,西武,07,楽天,メットライフ,2020-08-11 18:00:00,10,20202429
265,18:00,ロッテ,09,日本ハム,ZOZOマリン,2020-08-11 18:00:00,08,20202430
266,18:00,ソフトバンク,12,オリックス,PayPayドーム,2020-08-11 18:00:00,11,20202431
267,18:00,巨人,01,ヤクルト,東京ドーム,2020-08-12 18:00:00,02,20202432
268,18:00,DeNA,03,阪神,横浜,2020-08-12 18:00:00,05,20202433
269,18:00,広島,06,中日,マツダスタジアム,2020-08-12 18:00:00,04,20202434
270,18:00,西武,07,楽天,メットライフ,2020-08-12 18:00:00,10,20202435
271,18:00,ロッテ,09,日本ハム,ZOZOマリン,2020-08-12 18:00:00,08,20202436
272,18:00,ソフトバンク,12,オリックス,PayPayドーム,2020-08-12 18:00:00,11,20202437
273,18:00,巨人,01,ヤクルト,東京ドーム,2020-08-13 18:00:00,02,20202438
274,18:00,西武,07,楽天,メットライフ,2020-08-13 18:00:00,10,20202439
275,18:00,ロッテ,09,日本ハム,ZOZOマリン,2020-08-13 18:00:00,08,20202440
276,18:00,ソフトバンク,12,オリックス,PayPayドーム,2020-08-13 18:00:00,11,20202441
277,18:00,巨人,01,中日,東京ドーム,2020-08-14 18:00:00,04,20202442
278,18:00,DeNA,03,ヤクルト,横浜,2020-08-14 18:00:00,02,20202443
279,18:00,阪神,05,広島,京セラD大阪,2020-08-14 18:00:00,06,20202444
280,14:00,ソフトバンク,12,オリックス,PayPayドーム,2020-08-14 14:00:00,11,20202447
281,18:00,西武,07,楽天,メットライフ,2020-08-14 18:00:00,10,20202445
282,18:00,ロッテ,09,日本ハム,ZOZOマリン,2020-08-14 18:00:00,08,20202446
283,14:00,巨人,01,中日,東京ドーム,2020-08-15 14:00:00,04,20202448
284,18:00,DeNA,03,ヤクルト,横浜,2020-08-15 18:00:00,02,20202449
285,18:00,阪神,05,広島,京セラD大阪,2020-08-15 18:00:00,06,20202450
286,13:00,ソフトバンク,12,オリックス,PayPayドーム,2020-08-15 13:00:00,11,20202453
287,17:00,ロッテ,09,日本ハム,ZOZOマリン,2020-08-15 17:00:00,08,20202452
288,18:00,西武,07,楽天,メットライフ,2020-08-15 18:00:00,10,20202451
289,13:00,巨人,01,中日,東京ドーム,2020-08-16 13:00:00,04,20202454
290,18:00,DeNA,03,ヤクルト,横浜,2020-08-16 18:00:00,02,20202455
291,18:00,阪神,05,広島,京セラD大阪,2020-08-16 18:00:00,06,20202456
292,13:00,ソフトバンク,12,オリックス,PayPayドーム,2020-08-16 13:00:00,11,20202459
293,17:00,ロッテ,09,日本ハム,ZOZOマリン,2020-08-16 17:00:00,08,20202458
294,18:00,西武,07,楽天,メットライフ,2020-08-16 18:00:00,10,20202457
295,18:00,巨人,01,阪神,東京ドーム,2020-08-18 18:00:00,05,20202460
296,18:00,ヤクルト,02,中日,神宮,2020-08-18 18:00:00,04,20202461
297,18:00,広島,06,DeNA,マツダスタジアム,2020-08-18 18:00:00,03,20202462
298,18:00,日本ハム,08,楽天,札幌ドーム,2020-08-18 18:00:00,10,20202463
299,18:00,ロッテ,09,ソフトバンク,ZOZOマリン,2020-08-18 18:00:00,12,20202464
300,18:00,オリックス,11,西武,京セラD大阪,2020-08-18 18:00:00,07,20202465
301,18:00,巨人,01,阪神,東京ドーム,2020-08-19 18:00:00,05,20202466
302,18:00,ヤクルト,02,中日,神宮,2020-08-19 18:00:00,04,20202467
303,18:00,広島,06,DeNA,マツダスタジアム,2020-08-19 18:00:00,03,20202468
304,18:00,日本ハム,08,楽天,札幌ドーム,2020-08-19 18:00:00,10,20202469
305,18:00,ロッテ,09,ソフトバンク,ZOZOマリン,2020-08-19 18:00:00,12,20202470
306,18:00,オリックス,11,西武,京セラD大阪,2020-08-19 18:00:00,07,20202471
307,18:00,巨人,01,阪神,東京ドーム,2020-08-20 18:00:00,05,20202472
308,18:00,ヤクルト,02,中日,神宮,2020-08-20 18:00:00,04,20202473
309,18:00,広島,06,DeNA,マツダスタジアム,2020-08-20 18:00:00,03,20202474
310,18:00,日本ハム,08,楽天,札幌ドーム,2020-08-20 18:00:00,10,20202475
311,18:00,ロッテ,09,ソフトバンク,ZOZOマリン,2020-08-20 18:00:00,12,20202476
312,18:00,オリックス,11,西武,京セラD大阪,2020-08-20 18:00:00,07,20202477
313,18:00,ヤクルト,02,阪神,神宮,2020-08-21 18:00:00,05,20202478
314,18:00,中日,04,DeNA,ナゴヤドーム,2020-08-21 18:00:00,03,20202479
315,18:00,広島,06,巨人,マツダスタジアム,2020-08-21 18:00:00,01,20202480
316,18:00,日本ハム,08,楽天,札幌ドーム,2020-08-21 18:00:00,10,20202481
317,18:00,ロッテ,09,ソフトバンク,ZOZOマリン,2020-08-21 18:00:00,12,20202482
318,18:00,オリックス,11,西武,京セラD大阪,2020-08-21 18:00:00,07,20202483
319,14:00,中日,04,DeNA,ナゴヤドーム,2020-08-22 14:00:00,03,20202485
320,18:00,ヤクルト,02,阪神,神宮,2020-08-22 18:00:00,05,20202484
321,18:00,広島,06,巨人,マツダスタジアム,2020-08-22 18:00:00,01,20202486
322,14:00,日本ハム,08,楽天,札幌ドーム,2020-08-22 14:00:00,10,20202487
323,14:00,オリックス,11,西武,京セラD大阪,2020-08-22 14:00:00,07,20202489
324,17:00,ロッテ,09,ソフトバンク,ZOZOマリン,2020-08-22 17:00:00,12,20202488
325,14:00,中日,04,DeNA,ナゴヤドーム,2020-08-23 14:00:00,03,20202491
326,18:00,ヤクルト,02,阪神,神宮,2020-08-23 18:00:00,05,20202490
327,18:00,広島,06,巨人,マツダスタジアム,2020-08-23 18:00:00,01,20202492
328,13:00,オリックス,11,西武,京セラD大阪,2020-08-23 13:00:00,07,20202495
329,14:00,日本ハム,08,楽天,札幌ドーム,2020-08-23 14:00:00,10,20202493
330,17:00,ロッテ,09,ソフトバンク,ZOZOマリン,2020-08-23 17:00:00,12,20202494
331,18:00,ヤクルト,02,巨人,神宮,2020-08-25 18:00:00,01,20202496
332,18:00,DeNA,03,広島,横浜,2020-08-25 18:00:00,06,20202497
333,18:00,阪神,05,中日,甲子園,2020-08-25 18:00:00,04,20202498
334,18:00,楽天,10,ロッテ,楽天生命パーク,2020-08-25 18:00:00,09,20202499
335,18:00,西武,07,日本ハム,メットライフ,2020-08-25 18:00:00,08,20202500
336,18:00,ソフトバンク,12,オリックス,PayPayドーム,2020-08-25 18:00:00,11,20202501
337,18:00,ヤクルト,02,巨人,神宮,2020-08-26 18:00:00,01,20202502
338,18:00,DeNA,03,広島,横浜,2020-08-26 18:00:00,06,20202503
339,18:00,阪神,05,中日,甲子園,2020-08-26 18:00:00,04,20202504
340,18:00,楽天,10,ロッテ,楽天生命パーク,2020-08-26 18:00:00,09,20202505
341,18:00,西武,07,日本ハム,メットライフ,2020-08-26 18:00:00,08,20202506
342,18:00,ソフトバンク,12,オリックス,PayPayドーム,2020-08-26 18:00:00,11,20202507
343,18:00,ヤクルト,02,巨人,神宮,2020-08-27 18:00:00,01,20202508
344,18:00,DeNA,03,広島,横浜,2020-08-27 18:00:00,06,20202509
345,18:00,阪神,05,中日,甲子園,2020-08-27 18:00:00,04,20202510
346,18:00,楽天,10,ロッテ,楽天生命パーク,2020-08-27 18:00:00,09,20202511
347,18:00,西武,07,日本ハム,メットライフ,2020-08-27 18:00:00,08,20202512
348,18:00,ソフトバンク,12,オリックス,PayPayドーム,2020-08-27 18:00:00,11,20202513
349,18:00,巨人,01,中日,東京ドーム,2020-08-28 18:00:00,04,20202514
350,18:00,DeNA,03,ヤクルト,横浜,2020-08-28 18:00:00,02,20202515
351,18:00,広島,06,阪神,マツダスタジアム,2020-08-28 18:00:00,05,20202516
352,18:00,楽天,10,西武,楽天生命パーク,2020-08-28 18:00:00,07,20202517
353,18:00,オリックス,11,ロッテ,京セラD大阪,2020-08-28 18:00:00,09,20202518
354,18:00,ソフトバンク,12,日本ハム,PayPayドーム,2020-08-28 18:00:00,08,20202519
355,14:00,巨人,01,中日,東京ドーム,2020-08-29 14:00:00,04,20202520
356,18:00,DeNA,03,ヤクルト,横浜,2020-08-29 18:00:00,02,20202521
357,18:00,広島,06,阪神,マツダスタジアム,2020-08-29 18:00:00,05,20202522
358,14:00,オリックス,11,ロッテ,京セラD大阪,2020-08-29 14:00:00,09,20202524
359,14:00,ソフトバンク,12,日本ハム,PayPayドーム,2020-08-29 14:00:00,08,20202525
360,18:00,楽天,10,西武,楽天生命パーク,2020-08-29 18:00:00,07,20202523
361,14:00,巨人,01,中日,東京ドーム,2020-08-30 14:00:00,04,20202526
362,18:00,DeNA,03,ヤクルト,横浜,2020-08-30 18:00:00,02,20202527
363,18:00,広島,06,阪神,マツダスタジアム,2020-08-30 18:00:00,05,20202528
364,13:00,オリックス,11,ロッテ,京セラD大阪,2020-08-30 13:00:00,09,20202530
365,13:00,ソフトバンク,12,日本ハム,PayPayドーム,2020-08-30 13:00:00,08,20202531
366,17:00,楽天,10,西武,楽天生命パーク,2020-08-30 17:00:00,07,20202529
367,18:00,巨人,01,DeNA,東京ドーム,2020-09-01 18:00:00,03,20202532
368,18:00,中日,04,広島,ナゴヤドーム,2020-09-01 18:00:00,06,20202533
369,18:00,阪神,05,ヤクルト,甲子園,2020-09-01 18:00:00,02,20202534
370,18:00,日本ハム,08,楽天,札幌ドーム,2020-09-01 18:00:00,10,20202535
371,18:00,ロッテ,09,西武,ZOZOマリン,2020-09-01 18:00:00,07,20202536
372,18:00,オリックス,11,ソフトバンク,京セラD大阪,2020-09-01 18:00:00,12,20202537
373,18:00,巨人,01,DeNA,東京ドーム,2020-09-02 18:00:00,03,20202538
374,18:00,中日,04,広島,ナゴヤドーム,2020-09-02 18:00:00,06,20202539
375,18:00,阪神,05,ヤクルト,甲子園,2020-09-02 18:00:00,02,20202540
376,18:00,日本ハム,08,楽天,札幌ドーム,2020-09-02 18:00:00,10,20202541
377,18:00,ロッテ,09,西武,ZOZOマリン,2020-09-02 18:00:00,07,20202542
378,18:00,オリックス,11,ソフトバンク,京セラD大阪,2020-09-02 18:00:00,12,20202543
379,18:00,巨人,01,DeNA,東京ドーム,2020-09-03 18:00:00,03,20202544
380,18:00,中日,04,広島,ナゴヤドーム,2020-09-03 18:00:00,06,20202545
381,18:00,阪神,05,ヤクルト,甲子園,2020-09-03 18:00:00,02,20202546
382,18:00,日本ハム,08,楽天,札幌ドーム,2020-09-03 18:00:00,10,20202547
383,18:00,ロッテ,09,西武,ZOZOマリン,2020-09-03 18:00:00,07,20202548
384,18:00,オリックス,11,ソフトバンク,京セラD大阪,2020-09-03 18:00:00,12,20202549
385,18:00,ヤクルト,02,中日,神宮,2020-09-04 18:00:00,04,20202550
386,18:00,阪神,05,巨人,甲子園,2020-09-04 18:00:00,01,20202551
387,18:00,広島,06,DeNA,マツダスタジアム,2020-09-04 18:00:00,03,20202552
388,18:00,日本ハム,08,西武,札幌ドーム,2020-09-04 18:00:00,07,20202553
389,18:00,楽天,10,オリックス,楽天生命パーク,2020-09-04 18:00:00,11,20202554
390,18:00,ソフトバンク,12,ロッテ,PayPayドーム,2020-09-04 18:00:00,09,20202555
391,14:00,広島,06,DeNA,マツダスタジアム,2020-09-05 14:00:00,03,20202558
392,18:00,ヤクルト,02,中日,神宮,2020-09-05 18:00:00,04,20202556
393,18:00,阪神,05,巨人,甲子園,2020-09-05 18:00:00,01,20202557
394,14:00,日本ハム,08,西武,札幌ドーム,2020-09-05 14:00:00,07,20202559
395,14:00,楽天,10,オリックス,楽天生命パーク,2020-09-05 14:00:00,11,20202560
396,14:00,ソフトバンク,12,ロッテ,PayPayドーム,2020-09-05 14:00:00,09,20202561
397,13:30,広島,06,DeNA,マツダスタジアム,2020-09-06 13:30:00,03,20202564
398,18:00,ヤクルト,02,中日,神宮,2020-09-06 18:00:00,04,20202562
399,13:00,日本ハム,08,西武,札幌ドーム,2020-09-06 13:00:00,07,20202565
400,13:00,楽天,10,オリックス,楽天生命パーク,2020-09-06 13:00:00,11,20202566
401,13:00,ソフトバンク,12,ロッテ,PayPayドーム,2020-09-06 13:00:00,09,20202567
402,18:00,阪神,05,巨人,甲子園,2020-09-07 18:00:00,01,20203298
403,17:45,DeNA,03,阪神,横浜,2020-09-08 17:45:00,05,20202568
404,18:00,中日,04,巨人,ナゴヤドーム,2020-09-08 18:00:00,01,20202569
405,18:00,広島,06,ヤクルト,マツダスタジアム,2020-09-08 18:00:00,02,20202570
406,18:00,楽天,10,ソフトバンク,楽天生命パーク,2020-09-08 18:00:00,12,20202571
407,18:00,西武,07,オリックス,メットライフ,2020-09-08 18:00:00,11,20202572
408,18:00,ロッテ,09,日本ハム,ZOZOマリン,2020-09-08 18:00:00,08,20202573
409,17:45,DeNA,03,阪神,横浜,2020-09-09 17:45:00,05,20202574
410,18:00,中日,04,巨人,ナゴヤドーム,2020-09-09 18:00:00,01,20202575
411,18:00,広島,06,ヤクルト,マツダスタジアム,2020-09-09 18:00:00,02,20202576
412,18:00,楽天,10,ソフトバンク,楽天生命パーク,2020-09-09 18:00:00,12,20202577
413,18:00,西武,07,オリックス,メットライフ,2020-09-09 18:00:00,11,20202578
414,18:00,ロッテ,09,日本ハム,ZOZOマリン,2020-09-09 18:00:00,08,20202579
415,17:45,DeNA,03,阪神,横浜,2020-09-10 17:45:00,05,20202580
416,18:00,中日,04,巨人,ナゴヤドーム,2020-09-10 18:00:00,01,20202581
417,18:00,広島,06,ヤクルト,マツダスタジアム,2020-09-10 18:00:00,02,20202582
418,18:00,楽天,10,ソフトバンク,楽天生命パーク,2020-09-10 18:00:00,12,20202583
419,18:00,西武,07,オリックス,メットライフ,2020-09-10 18:00:00,11,20202584
420,18:00,ロッテ,09,日本ハム,ZOZOマリン,2020-09-10 18:00:00,08,20202585
421,18:00,巨人,01,ヤクルト,東京ドーム,2020-09-11 18:00:00,02,20202586
422,18:00,DeNA,03,中日,横浜,2020-09-11 18:00:00,04,20202587
423,18:00,阪神,05,広島,甲子園,2020-09-11 18:00:00,06,20202588
424,18:00,楽天,10,日本ハム,楽天生命パーク,2020-09-11 18:00:00,08,20202589
425,18:00,ロッテ,09,オリックス,ZOZOマリン,2020-09-11 18:00:00,11,20202590
426,18:00,ソフトバンク,12,西武,PayPayドーム,2020-09-11 18:00:00,07,20202591
427,14:00,阪神,05,広島,甲子園,2020-09-12 14:00:00,06,20202594
428,17:00,DeNA,03,中日,横浜,2020-09-12 17:00:00,04,20202593
429,18:00,巨人,01,ヤクルト,東京ドーム,2020-09-12 18:00:00,02,20202592
430,18:00,ソフトバンク,12,西武,PayPayドーム,2020-09-12 18:00:00,07,20202597
431,14:00,巨人,01,ヤクルト,東京ドーム,2020-09-13 14:00:00,02,20202598
432,14:00,阪神,05,広島,甲子園,2020-09-13 14:00:00,06,20202600
433,17:00,DeNA,03,中日,横浜,2020-09-13 17:00:00,04,20202599
434,13:00,楽天,10,日本ハム,楽天生命パーク,2020-09-13 13:00:00,08,20202601
435,13:00,ソフトバンク,12,西武,PayPayドーム,2020-09-13 13:00:00,07,20202603
436,17:00,ロッテ,09,オリックス,ZOZOマリン,2020-09-13 17:00:00,11,20202602
437,17:00,楽天,10,日本ハム,楽天生命パーク,2020-09-14 17:00:00,08,20203302
438,18:00,ロッテ,09,オリックス,ZOZOマリン,2020-09-14 18:00:00,11,20203303
439,18:00,巨人,01,阪神,東京ドーム,2020-09-15 18:00:00,05,20202604
440,18:00,ヤクルト,02,DeNA,神宮,2020-09-15 18:00:00,03,20202605
441,18:00,広島,06,中日,マツダスタジアム,2020-09-15 18:00:00,04,20202606
442,18:00,日本ハム,08,ソフトバンク,札幌ドーム,2020-09-15 18:00:00,12,20202607
443,18:00,西武,07,ロッテ,メットライフ,2020-09-15 18:00:00,09,20202608
444,18:00,オリックス,11,楽天,ほっと神戸,2020-09-15 18:00:00,10,20202609
445,18:00,巨人,01,阪神,東京ドーム,2020-09-16 18:00:00,05,20202610
446,18:00,ヤクルト,02,DeNA,神宮,2020-09-16 18:00:00,03,20202611
447,18:00,広島,06,中日,マツダスタジアム,2020-09-16 18:00:00,04,20202612
448,18:00,日本ハム,08,ソフトバンク,札幌ドーム,2020-09-16 18:00:00,12,20202613
449,18:00,西武,07,ロッテ,メットライフ,2020-09-16 18:00:00,09,20202614
450,18:00,オリックス,11,楽天,ほっと神戸,2020-09-16 18:00:00,10,20202615
451,18:00,巨人,01,阪神,東京ドーム,2020-09-17 18:00:00,05,20202616
452,18:00,ヤクルト,02,DeNA,神宮,2020-09-17 18:00:00,03,20202617
453,18:00,日本ハム,08,ソフトバンク,札幌ドーム,2020-09-17 18:00:00,12,20202619
454,18:00,西武,07,ロッテ,メットライフ,2020-09-17 18:00:00,09,20202620
455,18:00,オリックス,11,楽天,ほっと神戸,2020-09-17 18:00:00,10,20202621
456,18:00,ヤクルト,02,広島,神宮,2020-09-18 18:00:00,06,20202622
457,18:00,DeNA,03,巨人,横浜,2020-09-18 18:00:00,01,20202623
458,18:00,中日,04,阪神,ナゴヤドーム,2020-09-18 18:00:00,05,20202624
459,18:00,日本ハム,08,ロッテ,札幌ドーム,2020-09-18 18:00:00,09,20202625
460,18:00,オリックス,11,西武,京セラD大阪,2020-09-18 18:00:00,07,20202626
461,18:00,ソフトバンク,12,楽天,PayPayドーム,2020-09-18 18:00:00,10,20202627
462,14:00,DeNA,03,巨人,横浜,2020-09-19 14:00:00,01,20202629
463,14:00,中日,04,阪神,ナゴヤドーム,2020-09-19 14:00:00,05,20202630
464,18:30,ヤクルト,02,広島,神宮,2020-09-19 18:30:00,06,20202628
465,14:00,日本ハム,08,ロッテ,札幌ドーム,2020-09-19 14:00:00,09,20202631
466,14:00,ソフトバンク,12,楽天,PayPayドーム,2020-09-19 14:00:00,10,20202633
467,18:00,オリックス,11,西武,京セラD大阪,2020-09-19 18:00:00,07,20202632
468,14:00,DeNA,03,巨人,横浜,2020-09-20 14:00:00,01,20202635
469,14:00,中日,04,阪神,ナゴヤドーム,2020-09-20 14:00:00,05,20202636
470,18:30,ヤクルト,02,広島,神宮,2020-09-20 18:30:00,06,20202634
471,13:00,オリックス,11,西武,京セラD大阪,2020-09-20 13:00:00,07,20202638
472,13:00,ソフトバンク,12,楽天,PayPayドーム,2020-09-20 13:00:00,10,20202639
473,14:00,日本ハム,08,ロッテ,札幌ドーム,2020-09-20 14:00:00,09,20202637
474,14:00,阪神,05,DeNA,甲子園,2020-09-21 14:00:00,03,20202642
475,18:00,巨人,01,広島,東京ドーム,2020-09-21 18:00:00,06,20202640
476,18:00,中日,04,ヤクルト,ナゴヤドーム,2020-09-21 18:00:00,02,20202641
477,14:00,阪神,05,DeNA,甲子園,2020-09-22 14:00:00,03,20202645
478,18:00,巨人,01,広島,東京ドーム,2020-09-22 18:00:00,06,20202643
479,18:00,中日,04,ヤクルト,ナゴヤドーム,2020-09-22 18:00:00,02,20202644
480,13:00,楽天,10,ロッテ,楽天生命パーク,2020-09-22 13:00:00,09,20202646
481,18:00,西武,07,日本ハム,メットライフ,2020-09-22 18:00:00,08,20202647
482,18:00,ソフトバンク,12,オリックス,PayPayドーム,2020-09-22 18:00:00,11,20202648
483,18:00,巨人,01,広島,東京ドーム,2020-09-23 18:00:00,06,20202649
484,18:00,中日,04,ヤクルト,ナゴヤドーム,2020-09-23 18:00:00,02,20202650
485,18:00,阪神,05,DeNA,甲子園,2020-09-23 18:00:00,03,20202651
486,18:00,楽天,10,ロッテ,楽天生命パーク,2020-09-23 18:00:00,09,20202652
487,18:00,西武,07,日本ハム,メットライフ,2020-09-23 18:00:00,08,20202653
488,18:00,ソフトバンク,12,オリックス,PayPayドーム,2020-09-23 18:00:00,11,20202654
489,18:00,楽天,10,ロッテ,楽天生命パーク,2020-09-24 18:00:00,09,20202655
490,18:00,西武,07,日本ハム,メットライフ,2020-09-24 18:00:00,08,20202656
491,18:00,ソフトバンク,12,オリックス,PayPayドーム,2020-09-24 18:00:00,11,20202657
492,18:00,巨人,01,中日,東京ドーム,2020-09-25 18:00:00,04,20202658
493,18:00,ヤクルト,02,阪神,神宮,2020-09-25 18:00:00,05,20202659
494,18:00,広島,06,DeNA,マツダスタジアム,2020-09-25 18:00:00,03,20202660
495,18:00,西武,07,楽天,メットライフ,2020-09-25 18:00:00,10,20202661
496,18:00,ロッテ,09,ソフトバンク,ZOZOマリン,2020-09-25 18:00:00,12,20202662
497,18:00,オリックス,11,日本ハム,京セラD大阪,2020-09-25 18:00:00,08,20202663
498,14:00,巨人,01,中日,東京ドーム,2020-09-26 14:00:00,04,20202664
499,14:00,広島,06,DeNA,マツダスタジアム,2020-09-26 14:00:00,03,20202666
500,18:30,ヤクルト,02,阪神,神宮,2020-09-26 18:30:00,05,20202665
501,14:00,西武,07,楽天,メットライフ,2020-09-26 14:00:00,10,20202667
502,14:00,ロッテ,09,ソフトバンク,ZOZOマリン,2020-09-26 14:00:00,12,20202668
503,14:00,オリックス,11,日本ハム,京セラD大阪,2020-09-26 14:00:00,08,20202669
504,13:30,広島,06,DeNA,マツダスタジアム,2020-09-27 13:30:00,03,20202672
505,14:00,巨人,01,中日,東京ドーム,2020-09-27 14:00:00,04,20202670
506,18:30,ヤクルト,02,阪神,神宮,2020-09-27 18:30:00,05,20202671
507,13:00,西武,07,楽天,メットライフ,2020-09-27 13:00:00,10,20202673
508,13:00,ロッテ,09,ソフトバンク,ZOZOマリン,2020-09-27 13:00:00,12,20202674
509,13:00,オリックス,11,日本ハム,京セラD大阪,2020-09-27 13:00:00,08,20202675
510,18:00,広島,06,DeNA,マツダスタジアム,2020-09-28 18:00:00,03,20203301
511,18:00,DeNA,03,ヤクルト,横浜,2020-09-29 18:00:00,02,20202676
512,18:00,阪神,05,中日,甲子園,2020-09-29 18:00:00,04,20202677
513,18:00,広島,06,巨人,マツダスタジアム,2020-09-29 18:00:00,01,20202678
514,18:00,日本ハム,08,ロッテ,札幌ドーム,2020-09-29 18:00:00,09,20202679
515,18:00,楽天,10,ソフトバンク,楽天生命パーク,2020-09-29 18:00:00,12,20202680
516,18:00,オリックス,11,西武,京セラD大阪,2020-09-29 18:00:00,07,20202681
517,18:00,DeNA,03,ヤクルト,横浜,2020-09-30 18:00:00,02,20202682
518,18:00,阪神,05,中日,甲子園,2020-09-30 18:00:00,04,20202683
519,18:00,広島,06,巨人,マツダスタジアム,2020-09-30 18:00:00,01,20202684
520,18:00,日本ハム,08,ロッテ,札幌ドーム,2020-09-30 18:00:00,09,20202685
521,18:00,楽天,10,ソフトバンク,楽天生命パーク,2020-09-30 18:00:00,12,20202686
522,18:00,オリックス,11,西武,京セラD大阪,2020-09-30 18:00:00,07,20202687
523,18:00,DeNA,03,ヤクルト,横浜,2020-10-01 18:00:00,02,20202688
524,18:00,阪神,05,中日,甲子園,2020-10-01 18:00:00,04,20202689
525,18:00,広島,06,巨人,マツダスタジアム,2020-10-01 18:00:00,01,20202690
526,18:00,日本ハム,08,ロッテ,札幌ドーム,2020-10-01 18:00:00,09,20202691
527,18:00,楽天,10,ソフトバンク,楽天生命パーク,2020-10-01 18:00:00,12,20202692
528,18:00,オリックス,11,西武,京セラD大阪,2020-10-01 18:00:00,07,20202693
529,18:00,ヤクルト,02,広島,神宮,2020-10-02 18:00:00,06,20202694
530,18:00,DeNA,03,中日,横浜,2020-10-02 18:00:00,04,20202695
531,18:00,阪神,05,巨人,甲子園,2020-10-02 18:00:00,01,20202696
532,18:00,ロッテ,09,西武,ZOZOマリン,2020-10-02 18:00:00,07,20202697
533,18:00,オリックス,11,楽天,京セラD大阪,2020-10-02 18:00:00,10,20202698
534,18:00,ソフトバンク,12,日本ハム,PayPayドーム,2020-10-02 18:00:00,08,20202699
535,14:00,DeNA,03,中日,横浜,2020-10-03 14:00:00,04,20202701
536,14:00,阪神,05,巨人,甲子園,2020-10-03 14:00:00,01,20202702
537,18:30,ヤクルト,02,広島,神宮,2020-10-03 18:30:00,06,20202700
538,14:00,ロッテ,09,西武,ZOZOマリン,2020-10-03 14:00:00,07,20202703
539,14:00,オリックス,11,楽天,京セラD大阪,2020-10-03 14:00:00,10,20202704
540,18:00,ソフトバンク,12,日本ハム,PayPayドーム,2020-10-03 18:00:00,08,20202705
541,14:00,DeNA,03,中日,横浜,2020-10-04 14:00:00,04,20202707
542,14:00,阪神,05,巨人,甲子園,2020-10-04 14:00:00,01,20202708
543,18:30,ヤクルト,02,広島,神宮,2020-10-04 18:30:00,06,20202706
544,13:00,ロッテ,09,西武,ZOZOマリン,2020-10-04 13:00:00,07,20202709
545,13:00,オリックス,11,楽天,京セラD大阪,2020-10-04 13:00:00,10,20202710
546,14:00,ソフトバンク,12,日本ハム,PayPayドーム,2020-10-04 14:00:00,08,20202711
547,18:00,阪神,05,巨人,甲子園,2020-10-05 18:00:00,01,20203299
548,18:00,巨人,01,DeNA,東京ドーム,2020-10-06 18:00:00,03,20202712
549,18:00,中日,04,ヤクルト,ナゴヤドーム,2020-10-06 18:00:00,02,20202713
550,18:00,広島,06,阪神,マツダスタジアム,2020-10-06 18:00:00,05,20202714
551,18:00,日本ハム,08,楽天,札幌ドーム,2020-10-06 18:00:00,10,20202715
552,18:00,西武,07,ソフトバンク,メットライフ,2020-10-06 18:00:00,12,20202716
553,18:00,ロッテ,09,オリックス,ZOZOマリン,2020-10-06 18:00:00,11,20202717
554,18:00,巨人,01,DeNA,東京ドーム,2020-10-07 18:00:00,03,20202718
555,18:00,中日,04,ヤクルト,ナゴヤドーム,2020-10-07 18:00:00,02,20202719
556,18:00,広島,06,阪神,マツダスタジアム,2020-10-07 18:00:00,05,20202720
557,18:00,日本ハム,08,楽天,札幌ドーム,2020-10-07 18:00:00,10,20202721
558,18:00,西武,07,ソフトバンク,メットライフ,2020-10-07 18:00:00,12,20202722
559,18:00,ロッテ,09,オリックス,ZOZOマリン,2020-10-07 18:00:00,11,20202723
560,18:00,巨人,01,DeNA,東京ドーム,2020-10-08 18:00:00,03,20202724
561,18:00,広島,06,阪神,マツダスタジアム,2020-10-08 18:00:00,05,20202725
562,18:00,日本ハム,08,楽天,札幌ドーム,2020-10-08 18:00:00,10,20202726
563,18:00,西武,07,ソフトバンク,メットライフ,2020-10-08 18:00:00,12,20202727
564,18:00,広島,06,ヤクルト,マツダスタジアム,2020-10-09 18:00:00,02,20202730
565,18:00,日本ハム,08,オリックス,札幌ドーム,2020-10-09 18:00:00,11,20202731
566,18:00,楽天,10,西武,楽天生命パーク,2020-10-09 18:00:00,07,20202732
567,18:00,ソフトバンク,12,ロッテ,PayPayドーム,2020-10-09 18:00:00,09,20202733
568,14:00,中日,04,巨人,ナゴヤドーム,2020-10-10 14:00:00,01,20202734
569,14:00,阪神,05,DeNA,甲子園,2020-10-10 14:00:00,03,20202735
570,18:00,広島,06,ヤクルト,マツダスタジアム,2020-10-10 18:00:00,02,20202736
571,14:00,日本ハム,08,オリックス,札幌ドーム,2020-10-10 14:00:00,11,20202737
572,14:00,ソフトバンク,12,ロッテ,PayPayドーム,2020-10-10 14:00:00,09,20202739
573,13:30,広島,06,ヤクルト,マツダスタジアム,2020-10-11 13:30:00,02,20202742
574,14:00,中日,04,巨人,ナゴヤドーム,2020-10-11 14:00:00,01,20202740
575,14:00,阪神,05,DeNA,甲子園,2020-10-11 14:00:00,03,20202741
576,13:00,楽天,10,西武,楽天生命パーク,2020-10-11 13:00:00,07,20202744
577,13:00,ソフトバンク,12,ロッテ,PayPayドーム,2020-10-11 13:00:00,09,20202745
578,14:00,日本ハム,08,オリックス,札幌ドーム,2020-10-11 14:00:00,11,20202743
579,18:00,中日,04,巨人,ナゴヤドーム,2020-10-12 18:00:00,01,20202746
580,18:00,巨人,01,広島,東京ドーム,2020-10-13 18:00:00,06,20202747
581,18:00,ヤクルト,02,DeNA,神宮,2020-10-13 18:00:00,03,20202748
582,18:00,中日,04,阪神,ナゴヤドーム,2020-10-13 18:00:00,05,20202749
583,18:00,日本ハム,08,西武,札幌ドーム,2020-10-13 18:00:00,07,20202750
584,18:00,ロッテ,09,楽天,ZOZOマリン,2020-10-13 18:00:00,10,20202751
585,18:00,オリックス,11,ソフトバンク,京セラD大阪,2020-10-13 18:00:00,12,20202752
586,18:00,巨人,01,広島,東京ドーム,2020-10-14 18:00:00,06,20202753
587,18:00,ヤクルト,02,DeNA,神宮,2020-10-14 18:00:00,03,20202754
588,18:00,中日,04,阪神,ナゴヤドーム,2020-10-14 18:00:00,05,20202755
589,18:00,日本ハム,08,西武,札幌ドーム,2020-10-14 18:00:00,07,20202756
590,18:00,ロッテ,09,楽天,ZOZOマリン,2020-10-14 18:00:00,10,20202757
591,18:00,オリックス,11,ソフトバンク,京セラD大阪,2020-10-14 18:00:00,12,20202758
592,18:00,巨人,01,広島,東京ドーム,2020-10-15 18:00:00,06,20202759
593,18:00,ヤクルト,02,DeNA,神宮,2020-10-15 18:00:00,03,20202760
594,18:00,中日,04,阪神,ナゴヤドーム,2020-10-15 18:00:00,05,20202761
595,18:00,日本ハム,08,西武,札幌ドーム,2020-10-15 18:00:00,07,20202762
596,18:00,ロッテ,09,楽天,ZOZOマリン,2020-10-15 18:00:00,10,20202763
597,18:00,オリックス,11,ソフトバンク,京セラD大阪,2020-10-15 18:00:00,12,20202764
598,18:00,DeNA,03,巨人,横浜,2020-10-16 18:00:00,01,20202765
599,18:00,阪神,05,ヤクルト,甲子園,2020-10-16 18:00:00,02,20202766
600,18:00,広島,06,中日,マツダスタジアム,2020-10-16 18:00:00,04,20202767
601,18:00,西武,07,オリックス,メットライフ,2020-10-16 18:00:00,11,20202768
602,18:00,ロッテ,09,日本ハム,ZOZOマリン,2020-10-16 18:00:00,08,20202769
603,18:00,ソフトバンク,12,楽天,PayPayドーム,2020-10-16 18:00:00,10,20202770
604,14:00,広島,06,中日,マツダスタジアム,2020-10-17 14:00:00,04,20202773
605,14:00,西武,07,オリックス,メットライフ,2020-10-17 14:00:00,11,20202774
606,14:00,ソフトバンク,12,楽天,PayPayドーム,2020-10-17 14:00:00,10,20202776
607,13:30,広島,06,中日,マツダスタジアム,2020-10-18 13:30:00,04,20202779
608,14:00,DeNA,03,巨人,横浜,2020-10-18 14:00:00,01,20202777
609,14:00,阪神,05,ヤクルト,甲子園,2020-10-18 14:00:00,02,20202778
610,13:00,西武,07,オリックス,メットライフ,2020-10-18 13:00:00,11,20202780
611,13:00,ロッテ,09,日本ハム,ZOZOマリン,2020-10-18 13:00:00,08,20202781
612,13:00,ソフトバンク,12,楽天,PayPayドーム,2020-10-18 13:00:00,10,20202782
613,18:00,阪神,05,ヤクルト,甲子園,2020-10-19 18:00:00,02,20203319
614,18:00,ヤクルト,02,巨人,神宮,2020-10-20 18:00:00,01,20202783
615,18:00,中日,04,DeNA,ナゴヤドーム,2020-10-20 18:00:00,03,20202784
616,18:00,阪神,05,広島,甲子園,2020-10-20 18:00:00,06,20202785
617,18:00,日本ハム,08,ソフトバンク,札幌ドーム,2020-10-20 18:00:00,12,20202786
618,18:00,楽天,10,オリックス,楽天生命パーク,2020-10-20 18:00:00,11,20202787
619,18:00,西武,07,ロッテ,メットライフ,2020-10-20 18:00:00,09,20202788
620,18:00,ヤクルト,02,巨人,神宮,2020-10-21 18:00:00,01,20202789
621,18:00,中日,04,DeNA,ナゴヤドーム,2020-10-21 18:00:00,03,20202790
622,18:00,阪神,05,広島,甲子園,2020-10-21 18:00:00,06,20202791
623,18:00,日本ハム,08,ソフトバンク,札幌ドーム,2020-10-21 18:00:00,12,20202792
624,18:00,楽天,10,オリックス,楽天生命パーク,2020-10-21 18:00:00,11,20202793
625,18:00,西武,07,ロッテ,メットライフ,2020-10-21 18:00:00,09,20202794
626,18:00,ヤクルト,02,巨人,神宮,2020-10-22 18:00:00,01,20202795
627,18:00,中日,04,DeNA,ナゴヤドーム,2020-10-22 18:00:00,03,20202796
628,18:00,阪神,05,広島,甲子園,2020-10-22 18:00:00,06,20202797
629,18:00,日本ハム,08,ソフトバンク,札幌ドーム,2020-10-22 18:00:00,12,20202798
630,18:00,楽天,10,オリックス,楽天生命パーク,2020-10-22 18:00:00,11,20202799
631,18:00,西武,07,ロッテ,メットライフ,2020-10-22 18:00:00,09,20202800
632,18:00,巨人,01,阪神,東京ドーム,2020-10-23 18:00:00,05,20202801
633,18:00,ヤクルト,02,中日,神宮,2020-10-23 18:00:00,04,20202802
634,18:00,DeNA,03,広島,横浜,2020-10-23 18:00:00,06,20202803
635,18:00,楽天,10,日本ハム,楽天生命パーク,2020-10-23 18:00:00,08,20202804
636,18:00,オリックス,11,ロッテ,京セラD大阪,2020-10-23 18:00:00,09,20202805
637,18:00,ソフトバンク,12,西武,PayPayドーム,2020-10-23 18:00:00,07,20202806
638,14:00,巨人,01,阪神,東京ドーム,2020-10-24 14:00:00,05,20202807
639,14:00,DeNA,03,広島,横浜,2020-10-24 14:00:00,06,20202809
640,18:30,ヤクルト,02,中日,神宮,2020-10-24 18:30:00,04,20202808
641,14:00,楽天,10,日本ハム,楽天生命パーク,2020-10-24 14:00:00,08,20202810
642,14:00,オリックス,11,ロッテ,京セラD大阪,2020-10-24 14:00:00,09,20202811
643,14:00,ソフトバンク,12,西武,PayPayドーム,2020-10-24 14:00:00,07,20202812
644,14:00,巨人,01,阪神,東京ドーム,2020-10-25 14:00:00,05,20202813
645,14:00,DeNA,03,広島,横浜,2020-10-25 14:00:00,06,20202815
646,18:30,ヤクルト,02,中日,神宮,2020-10-25 18:30:00,04,20202814
647,13:00,楽天,10,日本ハム,楽天生命パーク,2020-10-25 13:00:00,08,20202816
648,13:00,オリックス,11,ロッテ,京セラD大阪,2020-10-25 13:00:00,09,20202817
649,13:00,ソフトバンク,12,西武,PayPayドーム,2020-10-25 13:00:00,07,20202818
650,18:00,DeNA,03,巨人,横浜,2020-10-27 18:00:00,01,20202819
651,18:00,阪神,05,中日,甲子園,2020-10-27 18:00:00,04,20202820
652,18:00,広島,06,ヤクルト,マツダスタジアム,2020-10-27 18:00:00,02,20202821
653,18:00,西武,07,楽天,メットライフ,2020-10-27 18:00:00,10,20202822
654,18:00,オリックス,11,日本ハム,京セラD大阪,2020-10-27 18:00:00,08,20202823
655,18:00,ソフトバンク,12,ロッテ,PayPayドーム,2020-10-27 18:00:00,09,20202824
656,18:00,DeNA,03,巨人,横浜,2020-10-28 18:00:00,01,20202825
657,18:00,阪神,05,中日,甲子園,2020-10-28 18:00:00,04,20202826
658,18:00,広島,06,ヤクルト,マツダスタジアム,2020-10-28 18:00:00,02,20202827
659,18:00,西武,07,楽天,メットライフ,2020-10-28 18:00:00,10,20202828
660,18:00,オリックス,11,日本ハム,京セラD大阪,2020-10-28 18:00:00,08,20202829
661,18:00,ソフトバンク,12,ロッテ,PayPayドーム,2020-10-28 18:00:00,09,20202830
662,18:00,DeNA,03,巨人,横浜,2020-10-29 18:00:00,01,20202831
663,18:00,阪神,05,中日,甲子園,2020-10-29 18:00:00,04,20202832
664,18:00,広島,06,ヤクルト,マツダスタジアム,2020-10-29 18:00:00,02,20202833
665,18:00,日本ハム,08,オリックス,札幌ドーム,2020-10-29 18:00:00,11,20202834
666,18:00,西武,07,楽天,メットライフ,2020-10-29 18:00:00,10,20202835
667,18:00,ソフトバンク,12,ロッテ,PayPayドーム,2020-10-29 18:00:00,09,20202836
668,18:00,巨人,01,ヤクルト,東京ドーム,2020-10-30 18:00:00,02,20202837
669,18:00,DeNA,03,阪神,横浜,2020-10-30 18:00:00,05,20202838
670,18:00,中日,04,広島,ナゴヤドーム,2020-10-30 18:00:00,06,20202839
671,18:00,日本ハム,08,オリックス,札幌ドーム,2020-10-30 18:00:00,11,20202840
672,18:00,西武,07,ソフトバンク,メットライフ,2020-10-30 18:00:00,12,20202841
673,18:00,ロッテ,09,楽天,ZOZOマリン,2020-10-30 18:00:00,10,20202842
674,14:00,巨人,01,ヤクルト,東京ドーム,2020-10-31 14:00:00,02,20202843
675,14:00,DeNA,03,阪神,横浜,2020-10-31 14:00:00,05,20202844
676,14:00,中日,04,広島,ナゴヤドーム,2020-10-31 14:00:00,06,20202845
677,14:00,日本ハム,08,オリックス,札幌ドーム,2020-10-31 14:00:00,11,20202846
678,14:00,西武,07,ソフトバンク,メットライフ,2020-10-31 14:00:00,12,20202847
679,14:00,ロッテ,09,楽天,ZOZOマリン,2020-10-31 14:00:00,10,20202848
680,14:00,巨人,01,ヤクルト,東京ドーム,2020-11-01 14:00:00,02,20202849
681,14:00,DeNA,03,阪神,横浜,2020-11-01 14:00:00,05,20202850
682,14:00,中日,04,広島,ナゴヤドーム,2020-11-01 14:00:00,06,20202851
683,13:00,日本ハム,08,オリックス,札幌ドーム,2020-11-01 13:00:00,11,20202852
684,13:00,西武,07,ソフトバンク,メットライフ,2020-11-01 13:00:00,12,20202853
685,13:00,ロッテ,09,楽天,ZOZOマリン,2020-11-01 13:00:00,10,20202854
686,18:00,西武,07,日本ハム,メットライフ,2020-11-02 18:00:00,08,20202855
687,14:00,中日,04,DeNA,ナゴヤドーム,2020-11-03 14:00:00,03,20202856
688,14:00,阪神,05,ヤクルト,甲子園,2020-11-03 14:00:00,02,20202857
689,14:00,広島,06,巨人,マツダスタジアム,2020-11-03 14:00:00,01,20202858
690,14:00,西武,07,日本ハム,メットライフ,2020-11-03 14:00:00,08,20202859
691,14:00,ロッテ,09,ソフトバンク,ZOZOマリン,2020-11-03 14:00:00,12,20202860
692,18:00,オリックス,11,楽天,京セラD大阪,2020-11-03 18:00:00,10,20202861
693,18:00,中日,04,DeNA,ナゴヤドーム,2020-11-04 18:00:00,03,20202862
694,18:00,阪神,05,ヤクルト,甲子園,2020-11-04 18:00:00,02,20202863
695,18:00,広島,06,巨人,マツダスタジアム,2020-11-04 18:00:00,01,20202864
696,18:00,西武,07,日本ハム,メットライフ,2020-11-04 18:00:00,08,20202865
697,18:00,ロッテ,09,ソフトバンク,ZOZOマリン,2020-11-04 18:00:00,12,20202866
698,18:00,オリックス,11,楽天,京セラD大阪,2020-11-04 18:00:00,10,20202867
699,18:00,中日,04,DeNA,ナゴヤドーム,2020-11-05 18:00:00,03,20202868
700,18:00,阪神,05,ヤクルト,甲子園,2020-11-05 18:00:00,02,20202869
701,18:00,広島,06,巨人,マツダスタジアム,2020-11-05 18:00:00,01,20202870
702,18:00,ロッテ,09,ソフトバンク,ZOZOマリン,2020-11-05 18:00:00,12,20202871
703,18:00,オリックス,11,楽天,京セラD大阪,2020-11-05 18:00:00,10,20202872
704,18:00,中日,04,ヤクルト,ナゴヤドーム,2020-11-06 18:00:00,02,20202873
705,18:00,オリックス,11,日本ハム,京セラD大阪,2020-11-06 18:00:00,08,20202874
706,18:00,楽天,10,西武,楽天生命パーク,2020-11-06 18:00:00,07,20203315
707,14:00,広島,06,阪神,マツダスタジアム,2020-11-07 14:00:00,05,20203305
708,18:00,巨人,01,ヤクルト,東京ドーム,2020-11-07 18:00:00,02,20202875
709,14:00,楽天,10,西武,楽天生命パーク,2020-11-07 14:00:00,07,20203308
710,18:00,ロッテ,09,オリックス,ZOZOマリン,2020-11-07 18:00:00,11,20203314
711,14:00,巨人,01,ヤクルト,東京ドーム,2020-11-08 14:00:00,02,20203306
712,13:00,ロッテ,09,西武,ZOZOマリン,2020-11-08 13:00:00,07,20203309
713,18:00,ソフトバンク,12,西武,PayPayドーム,2020-11-09 18:00:00,07,20203310
714,18:00,ロッテ,09,日本ハム,ZOZOマリン,2020-11-09 18:00:00,08,20203320
715,18:00,ヤクルト,02,広島,神宮,2020-11-10 18:00:00,06,20203311
716,18:00,阪神,05,巨人,甲子園,2020-11-10 18:00:00,01,20203316
717,18:00,広島,06,中日,マツダスタジアム,2020-11-11 18:00:00,04,20203312
718,18:00,阪神,05,DeNA,甲子園,2020-11-11 18:00:00,03,20203317
719,14:00,DeNA,03,巨人,横浜,2020-11-14 14:00:00,01,20203321
720,13:00,ソフトバンク,12,ロッテ,PayPayドーム,2020-11-14 13:00:00,09,20203322
721,13:00,ソフトバンク,12,ロッテ,PayPayドーム,2020-11-15 13:00:00,09,20203323
722,18:10,巨人,01,ソフトバンク,京セラD大阪,2020-11-21 18:10:00,12,20203326
723,18:10,巨人,01,ソフトバンク,京セラD大阪,2020-11-22 18:10:00,12,20203327
724,18:30,ソフトバンク,12,巨人,PayPayドーム,2020-11-24 18:30:00,01,20203328
725,18:30,ソフトバンク,12,巨人,PayPayドーム,2020-11-25 18:30:00,01,20203329
